nombre,nacimiento,edad,carrera,foto,bio
Leonardo DiCaprio,11-11-1974,47,actor,"https://m.media-amazon.com/images/M/MV5BMjI0MTg3MzI0M15BMl5BanBnXkFtZTcwMzQyODU2Mw@@._V1_UY317_CR10,0,214,317_AL_.jpg","Few actors in the world have had a career quite as diverse as Leonardo DiCaprio's. Leonardo Wilhelm DiCaprio was born November 11, 1974 in Los Angeles, California, the only child of Irmelin DiCaprio and former comic book artist George DiCaprio."
Brad Pitt,18-12-1963,58,actor,"https://m.media-amazon.com/images/M/MV5BMjA1MjE2MTQ2MV5BMl5BanBnXkFtZTcwMjE5MDY0Nw@@._V1_UX214_CR0,0,214,317_AL_.jpg","An actor and producer known as much for his versatility as he is for his handsome face, Golden Globe-winner Brad Pitt's most widely recognized role may be Tyler Durden in El club de la pelea (1999). Pitt was born William Bradley Pitt on December 18th, 1963, in Shawnee, Oklahoma, and was raised in Springfield, Missouri."
Dwayne Johnson,02-05-1972,49,actor,"https://m.media-amazon.com/images/M/MV5BMTkyNDQ3NzAxM15BMl5BanBnXkFtZTgwODIwMTQ0NTE@._V1_UX214_CR0,0,214,317_AL_.jpg","Dwayne Douglas Johnson, also known as The Rock, was born on May 2, 1972 in Hayward, California. He is the son of Ata Johnson (born Feagaimaleata Fitisemanu Maivia) and professional wrestler Rocky Johnson (born Wayde Douglas Bowles)."
Matthew McConaughey,04-11-1969,52,actor,"https://m.media-amazon.com/images/M/MV5BMTg0MDc3ODUwOV5BMl5BanBnXkFtZTcwMTk2NjY4Nw@@._V1_UX214_CR0,0,214,317_AL_.jpg","American actor and producer Matthew David McConaughey was born in Uvalde, Texas. His mother, Mary Kathleen (McCabe), is a substitute school teacher originally from New Jersey."
Christian Bale,30-01-1974,47,actor,"https://m.media-amazon.com/images/M/MV5BMTkxMzk4MjQ4MF5BMl5BanBnXkFtZTcwMzExODQxOA@@._V1_UX214_CR0,0,214,317_AL_.jpg","Christian Charles Philip Bale was born in Pembrokeshire, Wales, UK on January 30, 1974, to English parents Jennifer Jenny (James) and David Bale. His mother was a circus performer and his father, who was born in South Africa, was a commercial pilot."
Michael Caine,14-03-1933,88,actor,"https://m.media-amazon.com/images/M/MV5BMjAwNzIwNTQ4Ml5BMl5BanBnXkFtZTYwMzE1MTUz._V1_UY317_CR7,0,214,317_AL_.jpg","Michael Caine was born Maurice Joseph Micklewhite in London, to Ellen Frances Marie (Burchell), a charlady, and Maurice Joseph Micklewhite, a fish-market porter. He left school at age 15 and took a series of working-class jobs before joining the British army and serving in Korea during the Korean War, where he saw combat."
Jeff Bridges,04-12-1949,72,actor,"https://m.media-amazon.com/images/M/MV5BNTU1NjM4MDYzMl5BMl5BanBnXkFtZTcwMjIwMjMyMw@@._V1_UY317_CR11,0,214,317_AL_.jpg","Jeffrey Leon Bridges was born on December 4, 1949 in Los Angeles, California, the son of well-known film and TV star Lloyd Bridges and his long-time wife Dorothy Dean Bridges (née Simpson). He grew up amid the happening Hollywood scene with big brother Beau Bridges."
Tom Holland,01-06-1996,25,actor,"https://m.media-amazon.com/images/M/MV5BNzZiNTEyNTItYjNhMS00YjI2LWIwMWQtZmYwYTRlNjMyZTJjXkEyXkFqcGdeQXVyMTExNzQzMDE0._V1_UX214_CR0,0,214,317_AL_.jpg","Thomas Stanley Holland was born in Kingston-upon-Thames, Surrey, to Nicola Elizabeth (Frost), a photographer, and Dominic Holland (Dominic Anthony Holland), who is a comedian and author. His paternal grandparents were from the Isle of Man and Ireland, respectively."
Samuel L. Jackson,21-12-1948,73,actor,"https://m.media-amazon.com/images/M/MV5BMTQ1NTQwMTYxNl5BMl5BanBnXkFtZTYwMjA1MzY1._V1_UX214_CR0,0,214,317_AL_.jpg","Samuel L. Jackson is an American producer and highly prolific actor, having appeared in over 100 films, including Duro de Matar 3: La Venganza (1995), El protegido (2000), Shaft (2000), The 51st State (2001), El lamento de la serpiente negra (2006), Serpientes a bordo (2006), and the Star Wars prequel trilogy (1999-2005)."
Ryan Gosling,12-11-1980,41,actor,"https://m.media-amazon.com/images/M/MV5BMTQzMjkwNTQ2OF5BMl5BanBnXkFtZTgwNTQ4MTQ4MTE@._V1_UY317_CR18,0,214,317_AL_.jpg","Canadian actor Ryan Gosling is the first person born in the 1980s to have been nominated for the Best Actor Oscar (for Half Nelson (2006)). He was born Ryan Thomas Gosling on November 12, 1980, in London, Ontario, Canada."
Heath Ledger,04-04-1979,42,actor,"https://m.media-amazon.com/images/M/MV5BMTI2NTY0NzA4MF5BMl5BanBnXkFtZTYwMjE1MDE0._V1_UX214_CR0,0,214,317_AL_.jpg","When hunky, twenty-year-old heart-throb Heath Ledger first came to the attention of the public in 1999, it was all too easy to tag him as a pretty boy and an actor of little depth. He spent several years trying desperately to sway this image, but this was a double-edged sword."
Robert Downey Jr.,04-04-1965,56,actor,"https://m.media-amazon.com/images/M/MV5BNzg1MTUyNDYxOF5BMl5BanBnXkFtZTgwNTQ4MTE2MjE@._V1_UX214_CR0,0,214,317_AL_.jpg","Robert Downey Jr. has evolved into one of the most respected actors in Hollywood. With an amazing list of credits to his name, he has managed to stay new and fresh even after over four decades in the business."
Tom Hardy,15-09-1977,44,actor,"https://m.media-amazon.com/images/M/MV5BMTQ3ODEyNjA4Nl5BMl5BanBnXkFtZTgwMTE4ODMyMjE@._V1_UX214_CR0,0,214,317_AL_.jpg","With his breakthrough performance as Eames in Christopher Nolan's sci-fi thriller El origen (2010), English actor Tom Hardy has been brought to the attention of mainstream audiences worldwide. However, the versatile actor has been steadily working on both stage and screen since his television debut in the miniseries Band of Brothers (2001)."
Harrison Ford,13-07-1942,79,actor,"https://m.media-amazon.com/images/M/MV5BMTY4Mjg0NjIxOV5BMl5BanBnXkFtZTcwMTM2NTI3MQ@@._V1_UX214_CR0,0,214,317_AL_.jpg","Harrison Ford was born on July 13, 1942 in Chicago, Illinois, to Dorothy (Nidelman), a radio actress, and Christopher Ford (born John William Ford), an actor turned advertising executive. His father was of Irish and German ancestry, while his maternal grandparents were Jewish emigrants from Minsk, Belarus."
Mark Hamill,25-09-1951,70,actor,"https://m.media-amazon.com/images/M/MV5BOGY2MjI5MDQtOThmMC00ZGIwLWFmYjgtYWU4MzcxOGEwMGVkXkEyXkFqcGdeQXVyMzM4MjM0Nzg@._V1_UY317_CR175,0,214,317_AL_.jpg","Mark Hamill is best known for his portrayal of Luke Skywalker in the original Star Wars trilogy - La guerra de las galaxias (1977), El imperio contraataca (1980), and El regreso del Jedi (1983)."
Benedict Cumberbatch,19-07-1976,45,actor,"https://m.media-amazon.com/images/M/MV5BMjE0MDkzMDQwOF5BMl5BanBnXkFtZTgwOTE1Mjg1MzE@._V1_UY317_CR2,0,214,317_AL_.jpg","Benedict Timothy Carlton Cumberbatch was born and raised in London, England. His parents, Wanda Ventham and Timothy Carlton (born Timothy Carlton Congdon Cumberbatch), are both actors."
Michael Fassbender,02-04-1977,44,actor,"https://m.media-amazon.com/images/M/MV5BMTk0NjM2MTE5M15BMl5BanBnXkFtZTcwODIxMzcyNw@@._V1_UX214_CR0,0,214,317_AL_.jpg","Michael Fassbender is an Irish actor who was born in Heidelberg, Germany, to a German father, Josef, and an Irish mother, Adele (originally from Larne, County Antrim, in Northern Ireland). Michael was raised in the town of Killarney, Co. Kerry, in south-west Ireland, where his family moved to when he was two years old."
George Clooney,06-05-1961,60,actor,"https://m.media-amazon.com/images/M/MV5BMjEyMTEyOTQ0MV5BMl5BanBnXkFtZTcwNzU3NTMzNw@@._V1_UY317_CR9,0,214,317_AL_.jpg","George Timothy Clooney was born on May 6, 1961, in Lexington, Kentucky, to Nina Bruce (née Warren), a former beauty pageant queen, and Nick Clooney, a former anchorman and television host (who was also the brother of singer Rosemary Clooney). He has Irish, English, and German ancestry."
James McAvoy,21-04-1979,42,actor,"https://m.media-amazon.com/images/M/MV5BMTQzNzIxOTYzMl5BMl5BanBnXkFtZTcwNjYxNTk1Nw@@._V1_UY317_CR14,0,214,317_AL_.jpg","McAvoy was born on 21 April 1979 in Glasgow, Scotland, to Elizabeth (née Johnstone), a nurse, and James McAvoy senior, a bus driver. He was raised on a housing estate in Drumchapel, Glasgow by his maternal grandparents (James, a butcher, and Mary), after his parents divorced when James was 11."
Willem Dafoe,22-07-1955,66,actor,"https://m.media-amazon.com/images/M/MV5BOWU4MTI2OTctODQ1ZS00MGM1LWJkM2EtODE3MGNkNmIyZDEwXkEyXkFqcGdeQXVyMjQwMDg0Ng@@._V1_UY317_CR19,0,214,317_AL_.jpg","Having made over one hundred films in his legendary career, Willem Dafoe is internationally respected for bringing versatility, boldness, and daring to some of the most iconic films of our time."
Tobey Maguire,27-06-1975,46,actor,"https://m.media-amazon.com/images/M/MV5BMTYwMTI5NTM2OF5BMl5BanBnXkFtZTcwODk3MDQ2Mg@@._V1_UY317_CR4,0,214,317_AL_.jpg","Tobias Vincent Maguire was born in Santa Monica, California. His parents were 18 and 20, and not yet married, when he was born."
Gary Oldman,21-03-1958,63,actor,"https://m.media-amazon.com/images/M/MV5BMTc3NTM4MzQ5MV5BMl5BanBnXkFtZTcwOTE4MDczNw@@._V1_UY317_CR0,0,214,317_AL_.jpg","Gary Oldman is a talented English movie star and character actor, renowned for his expressive acting style. He is also a filmmaker, musician, and author."
Natalie Portman,06-06-1981,40,actor,"https://m.media-amazon.com/images/M/MV5BMTQ3ODE3Mjg1NV5BMl5BanBnXkFtZTcwNzA4ODcxNA@@._V1_UY317_CR11,0,214,317_AL_.jpg","Natalie Portman is the first person born in the 1980s to have won the Academy Award for Best Actress (for El cisne negro (2010)). Natalie was born Natalie Hershlag on June 9, 1981, in Jerusalem, Israel."
Meryl Streep,22-06-1949,72,actor,"https://m.media-amazon.com/images/M/MV5BMTU4Mjk5MDExOF5BMl5BanBnXkFtZTcwOTU1MTMyMw@@._V1_UY317_CR6,0,214,317_AL_.jpg","Considered by many critics to be the greatest living actress, Meryl Streep has been nominated for the Academy Award an astonishing 21 times, and has won it three times. Meryl was born Mary Louise Streep in 1949 in Summit, New Jersey."
Jennifer Lawrence,15-08-1990,31,actor,"https://m.media-amazon.com/images/M/MV5BOTU3NDE5MDQ4MV5BMl5BanBnXkFtZTgwMzE5ODQ3MDI@._V1_UX214_CR0,0,214,317_AL_.jpg","Was the highest-paid actress in the world in 2015 and 2016. With her films grossing over $5.5 billion worldwide, Jennifer Lawrence is often cited as the most successful actor of her generation."
Nicole Kidman,20-06-1967,54,actor,"https://m.media-amazon.com/images/M/MV5BMTk1MjM5NDg4MF5BMl5BanBnXkFtZTcwNDg1OTQ4Nw@@._V1_UY317_CR10,0,214,317_AL_.jpg","Elegant Nicole Kidman, known as one of Hollywood's top Australian imports, was actually born in Honolulu, Hawaii, while her Australian parents were there on educational visas. Kidman is the daughter of Janelle Ann (Glenny), a nursing instructor, and Antony David Kidman, a biochemist and clinical psychologist."
Scarlett Johansson,22-11-1984,37,actor,"https://m.media-amazon.com/images/M/MV5BMTM3OTUwMDYwNl5BMl5BanBnXkFtZTcwNTUyNzc3Nw@@._V1_UY317_CR23,0,214,317_AL_.jpg","Scarlett Ingrid Johansson was born on November 22, 1984 in Manhattan, New York City, New York. Her mother, Melanie Sloan is from a Jewish family from the Bronx and her father, Karsten Johansson is a Danish-born architect from Copenhagen."
Julia Roberts,28-10-1967,54,actor,"https://m.media-amazon.com/images/M/MV5BMTQzNjU3MDczN15BMl5BanBnXkFtZTYwNzY2Njc4._V1_UX214_CR0,0,214,317_AL_.jpg","Julia Fiona Roberts never dreamed she would become the most popular actress in America. She was born in Smyrna, Georgia, to Betty Lou (Bredemus) and Walter Grady Roberts, one-time actors and playwrights, and is of English, Irish, Scottish, Welsh, German, and Swedish descent."
Emma Stone,06-11-1988,33,actor,"https://m.media-amazon.com/images/M/MV5BMjI4NjM1NDkyN15BMl5BanBnXkFtZTgwODgyNTY1MjE@._V1_UX214_CR0,0,214,317_AL_.jpg","Emily Jean Emma Stone was born in Scottsdale, Arizona, to Krista (Yeager), a homemaker, and Jeffrey Charles Stone, a contracting company founder and CEO. She is of Swedish, German, and British Isles descent."
Anne Hathaway,12-11-1982,39,actor,"https://m.media-amazon.com/images/M/MV5BMTRhNzQ3NGMtZmQ1Mi00ZTViLTk3OTgtOTk0YzE2YTgwMmFjXkEyXkFqcGdeQXVyNzg5MzIyOA@@._V1_UY317_CR20,0,214,317_AL_.jpg","Anne Jacqueline Hathaway was born in Brooklyn, New York, to Kate McCauley Hathaway, an actress, and Gerald T. Hathaway, a lawyer, both originally from Philadelphia. She is of mostly Irish descent, along with English, German, and French."
Margot Robbie,02-07-1990,31,actor,"https://m.media-amazon.com/images/M/MV5BMTgxNDcwMzU2Nl5BMl5BanBnXkFtZTcwNDc4NzkzOQ@@._V1_UY317_CR12,0,214,317_AL_.jpg","Margot Elise Robbie was born on July 2, 1990 in Dalby, Queensland, Australia to Scottish parents. Her mother, Sarie Kessler, is a physiotherapist, and her father, is Doug Robbie. She comes from a family of four children, having two brothers and one sister."
Ana de Armas,30-04-1988,33,actor,"https://m.media-amazon.com/images/M/MV5BMzQzMTQyZjItNjdiNC00NGQzLTk3ODAtZGJhOGJlNzExMTU0XkEyXkFqcGdeQXVyMTkxNjUyNQ@@._V1_UX214_CR0,0,214,317_AL_.jpg","Ana de Armas was born in Cuba on April 30, 1988. At the age of 14, she began her studies at the National Theatre School of Havana, where she graduated after 4 years."
Jared Leto,26-12-1971,50,actor,"https://m.media-amazon.com/images/M/MV5BMTczMjUwNDUzMF5BMl5BanBnXkFtZTgwNDA4OTAzMTE@._V1_UX214_CR0,0,214,317_AL_.jpg","Jared Leto is a very familiar face in recent film history. Although he has always been the lead vocals, rhythm guitar, and songwriter for American band Thirty Seconds to Mars, Leto is an accomplished actor merited by the numerous, challenging projects he has taken in his life."
Emma Watson,14-04-1990,31,actor,"https://m.media-amazon.com/images/M/MV5BMTQ3ODE2NTMxMV5BMl5BanBnXkFtZTgwOTIzOTQzMjE@._V1_UY317_CR21,0,214,317_AL_.jpg","Emma Charlotte Duerre Watson was born in Paris, France, to British parents, Jacqueline Luesby and Chris Watson, both lawyers. She moved to Oxfordshire when she was five, where she attended the Dragon School."
Rachel McAdams,17-11-1978,43,actor,"https://m.media-amazon.com/images/M/MV5BMTY5ODcxMDU4NV5BMl5BanBnXkFtZTcwMjAzNjQyNQ@@._V1_UY317_CR2,0,214,317_AL_.jpg","Rachel Anne McAdams was born on November 17, 1978 in London, Ontario, Canada, to Sandra Kay (Gale), a nurse, and Lance Frederick McAdams, a truck driver and furniture mover. She is of English, Welsh, Irish, and Scottish descent."
Gal Gadot,30-04-1985,36,actor,"https://m.media-amazon.com/images/M/MV5BMjUzZTJmZDItODRjYS00ZGRhLTg2NWQtOGE0YjJhNWVlMjNjXkEyXkFqcGdeQXVyMTg4NDI0NDM@._V1_UY317_CR51,0,214,317_AL_.jpg","Gal Gadot is an Israeli actress, singer, martial artist, and model. She was born in Rosh Ha'ayin, Israel. Her parents are Irit, a teacher, and Michael, an engineer."
Ben Affleck,15-08-1972,49,actor,"https://m.media-amazon.com/images/M/MV5BMzczNzNiMDAtMmUzZS00MTkwLWIwOTYtNmYyNjg3MTVkNThhXkEyXkFqcGdeQXVyMjA4MjI5MTA@._V1_UY317_CR12,0,214,317_AL_.jpg","American actor and filmmaker Benjamin Géza Affleck-Boldt was born on August 15, 1972 in Berkeley, California, and was raised in Cambridge, Massachusetts. His mother, Chris Anne (née Boldt), is a school teacher, and his father, Timothy Byers Affleck, is a social worker; the two are divorced."
Henry Cavill,05-05-1983,38,actor,"https://m.media-amazon.com/images/M/MV5BODI0MTYzNTIxNl5BMl5BanBnXkFtZTcwNjg2Nzc0NA@@._V1_UY317_CR26,0,214,317_AL_.jpg","Henry William Dalgliesh Cavill was born on the Bailiwick of Jersey, a British Crown dependency in the Channel Islands. His mother, Marianne (Dalgliesh), a housewife, was also born on Jersey, and is of Irish, Scottish and English ancestry."
Amy Adams,20-08-1974,47,actor,"https://m.media-amazon.com/images/M/MV5BMTg2NTk2MTgxMV5BMl5BanBnXkFtZTgwNjcxMjAzMTI@._V1_UX214_CR0,0,214,317_AL_.jpg","Amy Lou Adams was born in Vicenza, Veneto, Italy, to American parents, Kathryn (Hicken) and Richard Kent Adams, a U.S. serviceman who was stationed at Caserma Ederle in Italy at the time. She was raised in a Mormon family of seven children in Castle Rock, Colorado, and has English, as well as smaller amounts of Danish, Swiss-German, and Norwegian, ancestry."
Gwyneth Paltrow,27-09-1972,49,actor,"https://m.media-amazon.com/images/M/MV5BNzIxOTQ1NTU1OV5BMl5BanBnXkFtZTcwMTQ4MDY0Nw@@._V1_UX214_CR0,0,214,317_AL_.jpg","A tall, wafer thin, delicate beauty, Gwyneth Kate Paltrow was born in Los Angeles, the daughter of noted producer and director Bruce Paltrow and Tony Award-winning actress Blythe Danner. Her father was from a Jewish family, while her mother is of mostly German descent."
Chris Hemsworth,11-08-1983,38,actor,"https://m.media-amazon.com/images/M/MV5BOTU2MTI0NTIyNV5BMl5BanBnXkFtZTcwMTA4Nzc3OA@@._V1_UX214_CR0,0,214,317_AL_.jpg","Christopher Hemsworth was born in Melbourne, Australia to Leonie Hemsworth (née van Os), an English teacher & Craig Hemsworth, a social-services counselor. His brothers are actors Liam Hemsworth and Luke Hemsworth."
Eiza González,30-01-1990,21,actor,"https://m.media-amazon.com/images/M/MV5BMTZhNzIzYjAtNGM1OS00ZDk3LTliNWEtOTVkMGY2NGJkMWUyXkEyXkFqcGdeQXVyNjA1OTA1Njk@._V1_UY317_CR174,0,214,317_AL_.jpg","Eiza González Reyna is a Mexican actress and singer. She was born on January 30, 1990 in Mexico City, Mexico, to Carlos González and Glenda Reyna."
Ryan Reynolds,23-10-1976,45,actor,"https://m.media-amazon.com/images/M/MV5BOTI3ODk1MTMyNV5BMl5BanBnXkFtZTcwNDEyNTE2Mg@@._V1_UY317_CR6,0,214,317_AL_.jpg","Ryan Rodney Reynolds was born on October 23, 1976 in Vancouver, British Columbia, Canada, the youngest of four children. His father, James Chester Reynolds, was a food wholesaler, and his mother, Tamara Lee Tammy (Stewart), worked as a retail-store saleswoman."
Jason Statham,26-07-1967,54,actor,"https://m.media-amazon.com/images/M/MV5BMTkxMzk2MDkwOV5BMl5BanBnXkFtZTcwMDAxODQwMg@@._V1_UX214_CR0,0,214,317_AL_.jpg","Jason Statham was born in Shirebrook, Derbyshire, to Eileen (Yates), a dancer, and Barry Statham, a street merchant and lounge singer. He was a Diver on the British National Diving Team and finished twelfth in the World Championships in 1992."
Keanu Reeves,02-09-1964,57,actor,"https://m.media-amazon.com/images/M/MV5BNjUxNDcwMTg4Ml5BMl5BanBnXkFtZTcwMjU4NDYyOA@@._V1_UY317_CR15,0,214,317_AL_.jpg","Keanu Charles Reeves, whose first name means cool breeze over the mountains in Hawaiian, was born September 2, 1964 in Beirut, Lebanon. He is the son of Patricia Taylor, a showgirl and costume designer, and Samuel Nowlin Reeves, a geologist."
Lily James,05-04-1989,32,actor,"https://m.media-amazon.com/images/M/MV5BMTgxMjM2NTAyMV5BMl5BanBnXkFtZTgwOTU4NjU2NDE@._V1_UX214_CR0,0,214,317_AL_.jpg","Lily James was born Lily Chloe Ninette Thomson in Esher, Surrey, to Ninette (Mantle), an actress, and Jamie Thomson, an actor and musician. Her grandmother, Helen Horton, was an American actress."
Mark Ruffalo,22-11-1967,54,actor,"https://m.media-amazon.com/images/M/MV5BNWIzZTI1ODUtZTUzMC00NTdiLWFlOTYtZTg4MGZkYmU4YzNlXkEyXkFqcGdeQXVyNTExOTk5Nzg@._V1_UX214_CR0,0,214,317_AL_.jpg","Award-winning actor Mark Ruffalo was born on November 22, 1967, in Kenosha, Wisconsin, of humble means to father Frank Lawrence Ruffalo, a construction painter and Marie Rose (Hebert), a stylist and hairdresser; his father's ancestry is Italian and his mother is of half French-Canadian and half Italian descent."
Charlize Theron,07-08-1975,46,actor,"https://m.media-amazon.com/images/M/MV5BMTk5Mzc4ODU0Ml5BMl5BanBnXkFtZTcwNjU1NTI0Mw@@._V1_UY317_CR12,0,214,317_AL_.jpg","Charlize Theron was born in Benoni, a city in the greater Johannesburg area, in South Africa, the only child of Gerda Theron (née Maritz) and Charles Theron. She was raised on a farm outside the city."
Jonah Hill,20-12-1983,38,actor,"https://m.media-amazon.com/images/M/MV5BMTUyNDU0NzAwNl5BMl5BanBnXkFtZTcwMzQxMzIzNw@@._V1_UY317_CR28,0,214,317_AL_.jpg","Jonah Hill was born and raised in Los Angeles, the son of Sharon Feldstein (née Chalkin), a fashion designer and costume stylist, and Richard Feldstein, a tour accountant for Guns N' Roses. He is the brother of music manager Jordan Feldstein and actress Beanie Feldstein."
Chris Evans,13-06-1981,40,actor,"https://m.media-amazon.com/images/M/MV5BMTU2NTg1OTQzMF5BMl5BanBnXkFtZTcwNjIyMjkyMg@@._V1_UY317_CR6,0,214,317_AL_.jpg","Christopher Robert Evans began his acting career in typical fashion: performing in school productions and community theatre. He was born in Boston, Massachusetts, the son of Lisa (Capuano), who worked at the Concord Youth Theatre, and G. Robert Evans III, a dentist."
Hayden Christensen,19-04-1981,40,actor,"https://m.media-amazon.com/images/M/MV5BY2Y2NTE4YzYtMTA4OS00NzNmLWIxNzctMDEyMjE2NWU3YWNmXkEyXkFqcGdeQXVyODMwMzI4MTg@._V1_UY317_CR21,0,214,317_AL_.jpg","Hayden Christensen was born April 19, 1981 in Vancouver, British Columbia, Canada. His parents, Alie and David Christensen, are in the communications business."
Ewan McGregor,31-03-1971,50,actor,"https://m.media-amazon.com/images/M/MV5BMTg1MjQ0MDg0Nl5BMl5BanBnXkFtZTcwNjYyNjI5Mg@@._V1_UX214_CR0,0,214,317_AL_.jpg","Ewan Gordon McGregor was born on March 31, 1971 in Perth, Perthshire, Scotland, to Carol Diane (Lawson) and James Charles McGregor, both teachers. His uncle is actor Denis Lawson. He was raised in Crieff."
Chris Pine,26-08-1980,41,actor,"https://m.media-amazon.com/images/M/MV5BMTM4OTQ4NTU3NV5BMl5BanBnXkFtZTcwNjEwNDU0OQ@@._V1_UX214_CR0,0,214,317_AL_.jpg","Chris Pine was born in Los Angeles. His parents are actors Robert Pine and Gwynne Gilford, and his maternal grandparents were Max M. Gilford, a president of the Hollywood Bar Association, and actress Anne Gwynne. His sister, Katherine Pine, has also acted."
Channing Tatum,26-04-1980,41,actor,"https://m.media-amazon.com/images/M/MV5BMTUyOTc2NTEwNV5BMl5BanBnXkFtZTgwNDgxMjMxNjE@._V1_UY317_CR59,0,214,317_AL_.jpg","Channing Tatum was born in a small town, Cullman, Alabama, 50 miles north of Birmingham. He is the son of Kay (Faust), an airline worker, and Glenn Matthew Tatum, who worked in construction."
Daniel Craig,02-03-1968,53,actor,"https://m.media-amazon.com/images/M/MV5BMjEzMjk4NDU4MF5BMl5BanBnXkFtZTcwMDMyNjQzMg@@._V1_UX214_CR0,0,214,317_AL_.jpg","One of the British theatre's most famous faces, Daniel Craig, who waited tables as a struggling teenage actor with the National Youth Theatre, has gone on to star as James Bond in 007: Casino Royale (2006), 007 Quantum (2008), 007: Operación Skyfall (2012), 007: Spectre (2015), and Sin tiempo para morir (2021)."
Andrew Garfield,20-08-1983,38,actor,"https://m.media-amazon.com/images/M/MV5BMjE2MjI2OTk1OV5BMl5BanBnXkFtZTgwNTY1NzM4MDI@._V1_UY317_CR0,0,214,317_AL_.jpg","Andrew Russell Garfield was born in Los Angeles, California, to a British mother, Lynn (Hillman), and father, Richard Garfield. When he was three, he moved to Surrey, U.K., with his parents and older brother."
Laurence Fishburne,30-07-1961,60,actor,"https://m.media-amazon.com/images/M/MV5BMTc0NjczNDc1MV5BMl5BanBnXkFtZTYwMDU0Mjg1._V1_UX214_CR0,0,214,317_AL_.jpg","Critically hailed for his forceful, militant, authoritative figures and one of Hollywood's most talented and versatile performers, Laurence (John) Fishburne III has been the recipient of numerous awards, including a number of NAACP Image honors."
Jake Gyllenhaal,19-12-1980,41,actor,"https://m.media-amazon.com/images/M/MV5BNjA0MTU2NDY3MF5BMl5BanBnXkFtZTgwNDU4ODkzMzE@._V1_UX214_CR0,0,214,317_AL_.jpg","Jacob Benjamin Gyllenhaal was born in Los Angeles, California, to producer/screenwriter Naomi Foner (née Achs) and director Stephen Gyllenhaal. He is the brother of actress Maggie Gyllenhaal, who played his sister in Donnie Darko (2001)."
Hugh Jackman,12-10-1968,53,actor,"https://m.media-amazon.com/images/M/MV5BNDExMzIzNjk3Nl5BMl5BanBnXkFtZTcwOTE4NDU5OA@@._V1_UX214_CR0,0,214,317_AL_.jpg","Hugh Michael Jackman is an Australian actor, singer, multi-instrumentalist, dancer and producer. Jackman has won international recognition for his roles in major films, notably as superhero, period, and romance characters."
Jason Momoa,01-08-1979,42,actor,"https://m.media-amazon.com/images/M/MV5BODJlNWQ4ZjUtYjRhNi00NGQ1LWE3YTItYjRmZGI3YzI4YTEyXkEyXkFqcGdeQXVyMTA2MDIzMDE5._V1_UY317_CR130,0,214,317_AL_.jpg","Joseph Jason Namakaeha Momoa was born on August 1, 1979, in Honolulu, Hawaii. He is the son of Coni (Lemke), a photographer, and Joseph Momoa, a painter."
Ice Cube,15-06-1969,52,actor,"https://m.media-amazon.com/images/M/MV5BMTYyMTE0NDQwMV5BMl5BanBnXkFtZTcwMDA1NjA1Nw@@._V1_UX214_CR0,0,214,317_AL_.jpg","Ice Cube was born in South Central Los Angeles, to Doris (Benjamin), a custodian and hospital clerk, and Hosea Jackson, a UCLA groundskeeper. He first came to public notice as a singer and songwriter with the controversial and influential band N.W.A."
Daniel Radcliffe,23-07-1989,32,actor,"https://m.media-amazon.com/images/M/MV5BZmE0NzNiNzQtYTVlYS00MjljLWE4MTgtYzYxNjU2NjZkM2M4XkEyXkFqcGdeQXVyNjY5NDgzNjQ@._V1_UX214_CR0,0,214,317_AL_.jpg","Daniel Jacob Radcliffe was born on July 23, 1989 in Fulham, London, England, to casting agent Marcia Gresham (née Jacobson) and literary agent Alan Radcliffe. His father is from a Northern Irish Protestant background, while his mother was born in South Africa, to a Jewish family (from Lithuania, Poland, Russia, and Germany)."
Rupert Grint,24-08-1988,33,actor,"https://m.media-amazon.com/images/M/MV5BMjI3MDA3NjA1N15BMl5BanBnXkFtZTcwMDcyMDYzNw@@._V1_UX214_CR0,0,214,317_AL_.jpg","Rupert Alexander Lloyd Grint was born in Harlow, Essex, England, the elder son of Joanne (Parsons) and Nigel Grint, who dealt in memorabilia. The first of 5 children, Rupert has one brother and 3 sisters."
Luke Evans,15-04-1979,42,actor,"https://m.media-amazon.com/images/M/MV5BNDU1MDI2OTUyNV5BMl5BanBnXkFtZTcwNTA1OTY1OQ@@._V1_UY317_CR12,0,214,317_AL_.jpg","Luke George Evans was born in Pontypool, Wales, and grew up in Aberbargoed, in the south of Wales. He is the son of Yvonne (Lewis) and David Evans."
Jesse Eisenberg,05-10-1983,38,actor,"https://m.media-amazon.com/images/M/MV5BNTE3MzQzODE3OV5BMl5BanBnXkFtZTcwMDE0ODY1NA@@._V1_UY317_CR5,0,214,317_AL_.jpg","Curly haired and with a fast-talking voice, Jesse Eisenberg is a movie actor, known for his Academy Award nominated role as Mark Zuckerberg in the 2010 film The Social Network. He has also starred in the films The Squid and the Whale, Adventureland, The Education of Charlie Banks, 30 Minutes or Less, Now You See Me and Zombieland."
Zac Efron,18-10-1987,34,actor,"https://m.media-amazon.com/images/M/MV5BMTUxNzY3NzYwOV5BMl5BanBnXkFtZTgwNzQ3Mzc4MTI@._V1_UX214_CR0,0,214,317_AL_.jpg","Zachary David Alexander Efron was born October 18, 1987 in San Luis Obispo, California, to Starla Baskett, a secretary, and David Efron, an electrical engineer. He has a younger brother, Dylan. The surname Efron, which is Hebrew and a Biblical place name, comes from Zac's Polish Jewish paternal grandfather."
Zendaya,01-09-1996,25,actor,"https://m.media-amazon.com/images/M/MV5BMjAxZTk4NDAtYjI3Mi00OTk3LTg0NDEtNWFlNzE5NDM5MWM1XkEyXkFqcGdeQXVyOTI3MjYwOQ@@._V1_UY317_CR12,0,214,317_AL_.jpg","Zendaya (which means to give thanks in the language of Shona) is an American actress and singer born in Oakland, California. She began her career appearing as a child model working for Macy's, Mervyns and Old Navy."
Lilly Collins,18-03-1989,32,actor,"https://m.media-amazon.com/images/M/MV5BZGYxMmQyNjEtZmI0Yi00OWUwLThiNDItYmViZTYyYmQ3YjdkXkEyXkFqcGdeQXVyMTIzOTM5Mjc0._V1_UX214_CR0,0,214,317_AL_.jpg","Lily Jane Collins was born in Guildford, Surrey, England. Her father is English musician Phil Collins, while her mother, Jill Tavelman, who is from Los Angeles, California, was president of the Beverly Hills Women's Club for three terms."
Marion Cotillard,30-09-1975,46,actor,"https://m.media-amazon.com/images/M/MV5BMTQxNTEzNTkwNF5BMl5BanBnXkFtZTcwNzQ2NDIwOQ@@._V1_UX214_CR0,0,214,317_AL_.jpg","Academy Award-winning actress Marion Cotillard was born on September 30, 1975 in Paris. Cotillard is the daughter of Jean-Claude Cotillard, an actor, playwright and director, and Niseema Theillaud, an actress and drama teacher."
Steve Carell,16-08-1962,59,actor,"https://m.media-amazon.com/images/M/MV5BMjMyOTM2OTk1Ml5BMl5BanBnXkFtZTgwMTI3MzkyNjM@._V1_UX214_CR0,0,214,317_AL_.jpg","Steve Carell, one of America's most versatile comics, was born Steven John Carell on August 16, 1962, in Concord, Massachusetts. He is the son of Harriet Theresa (Koch), a psychiatric nurse, and Edwin A. Carell, an electrical engineer."
Woody Harrelson,23-07-1961,60,actor,"https://m.media-amazon.com/images/M/MV5BMTU3NDc2ODc4MF5BMl5BanBnXkFtZTcwODk2MzAyMg@@._V1_UY317_CR1,0,214,317_AL_.jpg","Academy Award-nominated and Emmy Award-winning actor Woodrow Tracy Harrelson was born on July 23, 1961 in Midland, Texas, to Diane Lou (Oswald) and Charles Harrelson. He grew up in Lebanon, Ohio, where his mother was from."
Jeremy Renner,07-01-1971,50,actor,"https://m.media-amazon.com/images/M/MV5BOTk2NDc2ODgzMF5BMl5BanBnXkFtZTcwMTMzOTQ4Nw@@._V1_UX214_CR0,0,214,317_AL_.jpg","Jeremy Lee Renner was born in Modesto, California, the son of Valerie (Tague) and Lee Renner, who managed a bowling alley. After a tumultuous yet happy childhood with his four younger siblings, Renner graduated from Beyer High School and attended Modesto Junior College."
Armie Hammer,28-08-1986,35,actor,"https://m.media-amazon.com/images/M/MV5BMzI3NTYwMzIxM15BMl5BanBnXkFtZTcwMzI1ODY1NA@@._V1_UX214_CR0,0,214,317_AL_.jpg","Armand Douglas Hammer was born in Los Angeles, California, to Dru Ann (Mobley) and Michael Armand Hammer, a businessman. His great-grandfather, Armand Hammer, was a prominent tycoon and philanthropist who ran the company Occidental Petroleum for many decades."
Hugo Weaving,04-04-1960,61,actor,"https://m.media-amazon.com/images/M/MV5BMjAxMzAyNDQyMF5BMl5BanBnXkFtZTcwOTM4ODcxMw@@._V1_UY317_CR4,0,214,317_AL_.jpg","Hugo Wallace Weaving was born on April 4, 1960 in Nigeria, to English parents Anne (Lennard), a tour guide and teacher, and Wallace Weaving, a seismologist. Hugo has an older brother, Simon, and a younger sister, Anna, who both also live and work in Australia."
Joseph Gordon-Levitt,17-02-1981,40,actor,"https://m.media-amazon.com/images/M/MV5BMTY3NTk0NDI3Ml5BMl5BanBnXkFtZTgwNDA3NjY0MjE@._V1_UY317_CR3,0,214,317_AL_.jpg","Joseph Leonard Gordon-Levitt was born February 17, 1981 in Los Angeles, California, to Jane Gordon and Dennis Levitt. Joseph was raised in a Jewish family with his late older brother, Dan Gordon-Levitt, who passed away in October 2010."
Alejandro González Iñárritu,15-08-1963,58,director,"https://m.media-amazon.com/images/M/MV5BMTcwNDMyOTMzMl5BMl5BanBnXkFtZTcwODQ0OTE0Ng@@._V1_UX214_CR0,0,214,317_AL_.jpg","Alejandro González Iñárritu (ih-nyar-ee-too), born August 15th, 1963, is a Mexican film director. González Iñárritu is the first Mexican director to be nominated for the Academy Award for Best Director and by the Directors Guild of America for Best Director. He is also the first Mexican-born director to have won the Prix de la mise en scene."
Quentin Tarantino,27-03-1963,58,director,"https://m.media-amazon.com/images/M/MV5BMTgyMjI3ODA3Nl5BMl5BanBnXkFtZTcwNzY2MDYxOQ@@._V1_UX214_CR0,0,214,317_AL_.jpg","Quentin Jerome Tarantino was born in Knoxville, Tennessee. His father, Tony Tarantino, is an Italian-American actor and musician from New York, and his mother, Connie (McHugh), is a nurse from Tennessee. Quentin moved with his mother to Torrance, California, when he was four years old."
James Cameron,16-08-1954,67,director,"https://m.media-amazon.com/images/M/MV5BMjI0MjMzOTg2MF5BMl5BanBnXkFtZTcwMTM3NjQxMw@@._V1_UX214_CR0,0,214,317_AL_.jpg","James Francis Cameron was born on August 16, 1954 in Kapuskasing, Ontario, Canada. He moved to the United States in 1971. The son of an engineer, he majored in physics at California State University before switching to English, and eventually dropping out. He then drove a truck to support his screenwriting ambition."
Christopher Nolan,30-07-1970,51,director,"https://m.media-amazon.com/images/M/MV5BNjE3NDQyOTYyMV5BMl5BanBnXkFtZTcwODcyODU2Mw@@._V1_UY317_CR7,0,214,317_AL_.jpg","Best known for his cerebral, often nonlinear, storytelling, acclaimed writer-director Christopher Nolan was born on July 30, 1970, in London, England. Over the course of 15 years of filmmaking, Nolan has gone from low-budget independent films to working on some of the biggest blockbusters ever made."
Martin Scorsese,17-11-1942,79,director,"https://m.media-amazon.com/images/M/MV5BMTcyNDA4Nzk3N15BMl5BanBnXkFtZTcwNDYzMjMxMw@@._V1_UX214_CR0,0,214,317_AL_.jpg","Martin Charles Scorsese was born on November 17, 1942 in Queens, New York City, to Catherine Scorsese (née Cappa) and Charles Scorsese, who both worked in Manhattan's garment district, and whose families both came from Palermo, Sicily. He was raised in the neighborhood of Little Italy."
Baz Luhrmann,17-09-1962,59,director,"https://m.media-amazon.com/images/M/MV5BMTY0MjM4NzkzNV5BMl5BanBnXkFtZTcwNjQwOTQ0OQ@@._V1_UY317_CR131,0,214,317_AL_.jpg","Baz Luhrmann is an Australian writer, director, and producer with projects spanning film, television, opera, theatre, music, and recording industries. He is regarded by many as a contemporary example of an auteur for his distinctly recognizable style and deep involvement in the writing, directing, design, and musical components of all his work."
Edgar Wright,18-04-1974,47,director,"https://m.media-amazon.com/images/M/MV5BMTMxMjgyMjQ4NF5BMl5BanBnXkFtZTcwMTU0ODk2Mw@@._V1_UY317_CR6,0,214,317_AL_.jpg","Edgar Howard Wright (born 18 April 1974) is an English director, screenwriter, producer, and actor. He is best known for his comedic Three Flavours Cornetto film trilogy consisting of Shaun of the Dead (2004), Hot Fuzz (2007), and The World's End (2013), made with recurrent collaborators Simon Pegg, Nira Park and Nick Frost."
Bennett Miller,30-12-1966,55,director,"https://m.media-amazon.com/images/M/MV5BMTY1MDMxNjk4Nl5BMl5BanBnXkFtZTYwMzExMzQ3._V1_UY317_CR134,0,214,317_AL_.jpg","Bennett Miller is an American film director, best known for Capote (2005), Moneyball (2011), and Foxcatcher (2014). He began his film career directing the 1998 documentary The Cruise. In 2006 Miller directed the Bob Dylan music video When the Deal Goes Down starring Scarlett Johansson. "
Kenneth Branagh,10-12-1960,61,director,"https://m.media-amazon.com/images/M/MV5BMjI0NTQ4Mjk5Ml5BMl5BanBnXkFtZTcwMDc1NjkzNw@@._V1_UY317_CR3,0,214,317_AL_.jpg","Kenneth Charles Branagh was born on December 10, 1960, in Belfast, Northern Ireland, to parents William Branagh, a plumber and carpenter, and Frances (Harper), both born in 1930. He has two siblings, William Branagh, Jr. (born 1955) and Joyce Branagh (born 1970)."
Tim Miller,10-10-1964,57,director,"https://m.media-amazon.com/images/M/MV5BMTk4NjMyNzY3MV5BMl5BanBnXkFtZTgwNDY0Nzg0ODE@._V1_UX214_CR0,0,214,317_AL_.jpg","Tim Miller is an American animator, film director, creative director and visual effects artist. He was nominated for the Academy Award for Best Animated Short Film for the work on his short animated film Gopher Broke. He made his directing debut with Deadpool. "
David Leitch,16-11-1975,46,director,"https://m.media-amazon.com/images/M/MV5BMTA1MDY5ODcxMjBeQTJeQWpwZ15BbWU3MDk0ODUyNDI@._V1_UY317_CR153,0,214,317_AL_.jpg","David Leitch is a billion dollar film director, actor, stuntman, writer, producer, and stunt coordinator. He co-directed John Wick (2014) with Chad Stahelski, which he also served as producer. David directed Atomic Blonde (2017) starring Charlize Theron. David also directed the box office smash and critically acclaimed Deadpool 2 (2018)."
Adam McKay,17-04-1968,53,director,"https://m.media-amazon.com/images/M/MV5BZmQ2ZDNkMGYtOWUzNi00N2Q3LTk1MDItODFlNDJkMTZkMjFmXkEyXkFqcGdeQXVyMjMxNzg4Mjk@._V1_UY317_CR11,0,214,317_AL_.jpg","Adam McKay (born April 17, 1968) is an American screenwriter, director, comedian, and actor. McKay has a comedy partnership with Will Ferrell, with whom he co-wrote the films Anchorman, Talladega Nights, and The Other Guys. Ferrell and McKay also founded their comedy website Funny or Die through their production company Gary Sanchez Productions."
David O. Russell,20-08-1958,63,director,"https://m.media-amazon.com/images/M/MV5BMjMyMzg4NjA0Nl5BMl5BanBnXkFtZTgwNTI5NjQ5NjE@._V1_UY317_CR8,0,214,317_AL_.jpg","David Owen Russell is an American film writer, director, and producer, known for a cinema of intense, tragi-comedic characters whose love of life can surpass dark circumstances faced in very specific worlds. His films address such themes as mental illness as stigma or hope; invention of self and survival and the family home as nexus of love."
Sam Raimi,23-10-1959,62,director,"https://m.media-amazon.com/images/M/MV5BODQ0NjI0NzkzMV5BMl5BanBnXkFtZTYwMDc0ODk1._V1_UY317_CR8,0,214,317_AL_.jpg","Highly inventive U.S. film director/producer/writer/actor Sam Raimi first came to the attention of film fans with the savage, yet darkly humorous, low-budget horror film, The Evil Dead (1981). From his childhood, Raimi was a fan of the cinema and, before he was ten-years-old, he was out making movies with an 8mm camera."
Jon Watts,28-06-1981,40,director,"https://m.media-amazon.com/images/M/MV5BNzg2NjA5ODAyMV5BMl5BanBnXkFtZTgwODAzMjkxNDE@._V1_UX214_CR0,0,214,317_AL_.jpg","Jon Watts was born on June 28, 1981 in Fountain, Colorado, USA. He is a director and producer, known for Cop Car (2015), Spider-Man: Homecoming (2017) and The Onion News Network (2011)."
Steven Soderbergh,14-01-1963,58,director,"https://m.media-amazon.com/images/M/MV5BMTQwMjE3ODU1NV5BMl5BanBnXkFtZTYwMzc3MDIz._V1_UX214_CR0,0,214,317_AL_.jpg","Steven Andrew Soderbergh was born on January 14, 1963 in Atlanta, Georgia, USA, the second of six children of Mary Ann (Bernard) and Peter Soderbergh. His father was of Swedish and Irish descent, and his mother was of Italian ancestry."
Phyllida Lloyd,17-06-1957,64,director,"https://m.media-amazon.com/images/M/MV5BMTUyNzkyOTY2Ml5BMl5BanBnXkFtZTcwNDg0MjAyNw@@._V1_UY317_CR131,0,214,317_AL_.jpg","Phyllida Lloyd was born on June 17, 1957 in Bristol, England as Phyllida Christian Lloyd. She is known for her work on Mamma Mia! (2008), The Iron Lady (2011) and Herself (2020)."
Ol Parker,2-06-1969,52,director,"https://m.media-amazon.com/images/M/MV5BMTYxMTg0MjE2Nl5BMl5BanBnXkFtZTYwOTU2Njc2._V1_UY317_CR24,0,214,317_AL_.jpg","Ol Parker was born in 1969 in London, England as Oliver Parker. He is a writer and director, known for Now Is Good (2012), Mamma Mia! Here We Go Again (2018) and The Best Exotic Marigold Hotel (2011). He has been married to Thandie Newton since July 11, 1998."
Alfonso Cuarón,28-11-1961,60,director,"https://m.media-amazon.com/images/M/MV5BMjA0ODY4OTk4Nl5BMl5BanBnXkFtZTcwNTkxMzYyMg@@._V1_UX214_CR0,0,214,317_AL_.jpg","Alfonso Cuarón Orozco was born on November 28th in Mexico City, Mexico. From an early age, he yearned to be either a film director or an astronaut. However, he did not want to enter the army, so he settled for directing. He didn't receive his first camera until his twelfth birthday, and then immediately started to film everything he saw."
Chris Columbus,10-09-1958,63,director,"https://m.media-amazon.com/images/M/MV5BMTY2MTYzNzUyNl5BMl5BanBnXkFtZTYwMDI0NzA0._V1_UY317_CR2,0,214,317_AL_.jpg","Born in Pennsylvania and raised in Ohio, Chris Columbus was first inspired to make movies after seeing The Godfather at age 15. After enrolling at NYU film school, he sold his first screenplay (never produced) while a sophomore there."
Mike Newell,28-03-1942,79,director,"https://m.media-amazon.com/images/M/MV5BMTgzNDI1ODc4N15BMl5BanBnXkFtZTYwNjg3NTc1._V1_UX214_CR0,0,214,317_AL_.jpg","Attended Cambridge University. Three year training course at Granada Television, with intention of going into theatre. Graduated to directing TV plays, building strong reputation for work with David Hare, David Edgar, Hohn, John Osborne, Jack Rosenthal."
Matthew Vaughn,07-03-1971,50,director,"https://m.media-amazon.com/images/M/MV5BMTQyOTc5NzA0M15BMl5BanBnXkFtZTYwODQ2MjYz._V1_UX214_CR0,0,214,317_AL_.jpg","Matthew Vaughn is an English film producer and director. He is known for producing such films as Lock, Stock and Two Smoking Barrels (1998) and Snatch (2000) and for directing the crime thriller, Layer Cake (2004), the fantasy epic, Stardust (2007), the superhero comedy, Kick-Ass (2010), and the superhero film, X-Men: First Class (2011)."
David Yates,08-10-1963,58,director,"https://m.media-amazon.com/images/M/MV5BMTY2NTU4NjY4M15BMl5BanBnXkFtZTYwNjIxOTI1._V1_UY317_CR10,0,214,317_AL_.jpg","David Yates was born on October 8, 1963 in St. Helens, Merseyside, England. He is a director and producer, known for Harry Potter and the Deathly Hallows: Part 2 (2011), Harry Potter and the Order of the Phoenix (2007) and The Legend of Tarzan (2016)."
Bryan Singer,17-09-1965,56,director,"https://m.media-amazon.com/images/M/MV5BMTMwMzQ0OTgzNF5BMl5BanBnXkFtZTcwMjExNzAyMg@@._V1_UX214_CR0,0,214,317_AL_.jpg","Bryan Singer was born on September 17, 1965 in New York City, New York, USA as Bryan Jay Singer. He is a producer and director, known for X-Men (2000), The Usual Suspects (1995) and X-Men: Days of Future Past (2014)."
David Ayer,18-01-1968,53,director,"https://m.media-amazon.com/images/M/MV5BZjBmMTY4M2ItMmEwNC00NTUyLWIyZDEtYWNhNjViNjRiOGVlXkEyXkFqcGdeQXVyMTY2MzU0MjA@._V1_UY317_CR10,0,214,317_AL_.jpg","David Ayer is an American film director, producer, and screenwriter. David Ayer was born in Champaign, Illinois and grew up in Bloomington, Minnesota, and Bethesda, Maryland, where he was kicked out of his house by his parents as a teenager. Ayer then lived with his cousin in Los Angeles, California, where his experiences in South Central."
Gary Ross,03-11-1956,65,director,"https://m.media-amazon.com/images/M/MV5BMTI3NjcxMTA2Nl5BMl5BanBnXkFtZTcwMjkwNDYyMQ@@._V1_UY317_CR6,0,214,317_AL_.jpg","Gary Ross is an American writer, director and actor born November 3rd, 1956 in Los Angeles, California. His father was screenwriter Arthur A. Ross (1920 - 2008). After writing for television series The Hitchhiker (1983) in 1986, Ross broke through by penning the Tom Hanks hit Big (1988), his first screenplay to be made into a feature film."
George Lucas,14-05-1944,77,director,"https://m.media-amazon.com/images/M/MV5BMTA0Mjc0NzExNzBeQTJeQWpwZ15BbWU3MDEzMzQ3MDI@._V1_UY317_CR0,0,214,317_AL_.jpg","George Walton Lucas, Jr. was raised on a walnut ranch in Modesto, California. His father was a stationery store owner and he had three siblings. During his late teen years, he went to Thomas Downey High School and was very much interested in drag racing. He planned to become a professional racecar driver. "
Zack Snyder,01-03-1966,55,director,"https://m.media-amazon.com/images/M/MV5BMTMzMjUyNjk1MV5BMl5BanBnXkFtZTcwMDc2Mzk3NA@@._V1_UY317_CR11,0,214,317_AL_.jpg","Zachary Edward Zack Snyder (born March 1, 1966) is an American film director, film producer, and screenwriter, best known for action and science fiction films. Snyder made his feature film debut with the 2004 remake Dawn of the Dead and has gone on to be known for his comic book movies and superhero films, including 300 (2007) and Watchmen (2009)"
Irvin Kershner,29-04-1923,-1,director,"https://m.media-amazon.com/images/M/MV5BMTQyNjk0NTcwMl5BMl5BanBnXkFtZTcwNzAyNDQxNA@@._V1_UY317_CR13,0,214,317_AL_.jpg","Irvin Kershner was born on April 29, 1923 in Philadelphia, Pennsylvania. A graduate of the University of Southern California film school, Kershner began his career in 1950, producing documentaries for the United States Information Service in the Middle East. He later turned to television, directing and photographing a series of documentaries."
Mary Harron,12-01-1953,68,director,"https://m.media-amazon.com/images/M/MV5BZDJhN2U5MzYtNDlkYS00YzE4LWJhZWItY2Q4NzYzMzM2YjFiXkEyXkFqcGdeQXVyMjA4NjQ3ODI@._V1_UX214_CR0,0,214,317_AL_.jpg","Mary Harron (born January 12, 1953) is a Canadian filmmaker and screenwriter. She gained recognition for her role in writing and directing several independent films, including I Shot Andy Warhol (1996), American Psycho (2000), and The Notorious Bettie Page (2005). She co-wrote American Psycho and The Notorious Bettie Page with Guinevere Turner."
Patty Jenkins,24-07-1971,50,director,"https://m.media-amazon.com/images/M/MV5BMTg4NDA4NTQ5MF5BMl5BanBnXkFtZTgwOTA0Nzc0MzE@._V1_UY317_CR35,0,214,317_AL_.jpg","Patty Jenkins is a writer/director best known for directing Wonder Woman, the Warner Bros./DC Comics blockbuster of 2017, and her debut feature Monster. Patty also works in television where she is best known for the pilot and finale episode of AMC's hit show The Killing."
Jon Favreau,19-10-1966,55,director,"https://m.media-amazon.com/images/M/MV5BNjcwNzg4MjktNDNlMC00M2U1LWJmMjgtZTVkMmI4MDI2MTVmXkEyXkFqcGdeQXVyMjI4MDI0NTM@._V1_UY317_CR12,0,214,317_AL_.jpg","Initially an indie film favorite, actor Jon Favreau has progressed to strong mainstream visibility into the millennium and, after nearly two decades in the business, is still enjoying character stardom as well as earning notice as a writer/producer/director."
Denis Villeneuve,03-10-1967,54,director,"https://m.media-amazon.com/images/M/MV5BMzU2MDk5MDI2MF5BMl5BanBnXkFtZTcwNDkwMjMzNA@@._V1_UY317_CR0,0,214,317_AL_.jpg","Denis Villeneuve is a French Canadian film director and writer. He was born in 1967, in Trois-Rivières, Québec, Canada. He started his career as a filmmaker at the National Film Board of Canada. He is best known for his feature films Arrival (2016), Sicario (2015), Prisoners (2013), Enemy (2013), and Incendies (2010)."
Scott Derrickson,16-07-1966,55,director,"https://m.media-amazon.com/images/M/MV5BMTY0MDA1MTUxM15BMl5BanBnXkFtZTgwNDI0Nzk2NDE@._V1_UX214_CR0,0,214,317_AL_.jpg","Scott Derrickson was born on July 16, 1966 in Denver, Colorado, USA. He is a producer and writer, known for Doctor Strange (2016), Sinister (2012) and Deliver Us from Evil (2014)."
Shane Black,16-12-1961,60,director,"https://m.media-amazon.com/images/M/MV5BMTM2ODI3NzkyNl5BMl5BanBnXkFtZTYwMDQ3OTYz._V1_UY317_CR2,0,214,317_AL_.jpg","Considered one of the pioneer screenwriters of the action genre, Black made his mark with his Lethal Weapon (1987) screenplay. He also collaborated on the story of the sequel, Lethal Weapon 2 (1989). Each successive script he turned in had a higher price attached it, from The Last Boy Scout (1991) to The Long Kiss Goodnight (1996)."
Joss Whedon,23-06-1964,57,director,"https://m.media-amazon.com/images/M/MV5BMTg5MzQ0MDA4MF5BMl5BanBnXkFtZTcwNzUwOTk4OQ@@._V1_UY317_CR12,0,214,317_AL_.jpg","Joss Whedon is the middle of five brothers - his younger brothers are Jed Whedon and Zack Whedon. Both his father, Tom Whedon and his grandfather, John Whedon were successful television writers. Joss' mother, Lee Stearns, was a history teacher and she also wrote novels as Lee Whedon. "
Joe Russo,08-07-1971,50,director,"https://m.media-amazon.com/images/M/MV5BMTc2NzY1NTY5OF5BMl5BanBnXkFtZTgwNjY3ODczNjM@._V1_UY317_CR2,0,214,317_AL_.jpg","Joe Russo was born on July 8, 1971 in Cleveland, Ohio, USA as Joseph Vincent Russo. He is a producer and director, known for Avengers: Endgame (2019), Avengers: Infinity War (2018) and Captain America: The Winter Soldier (2014)."
Rian Johnson,17-12-1973,48,director,"https://m.media-amazon.com/images/M/MV5BMjA3MTQwNjYyM15BMl5BanBnXkFtZTcwNTI5ODUwNQ@@._V1_UY317_CR3,0,214,317_AL_.jpg","Rian Johnson was born in Maryland and at a young age his family moved to San Clemente, California, where he was raised. After graduating from high school, he went on to attend the University of Southern California School of Cinematic Arts. His first feature film, Brick (2005), was released in 2005."
Joe Johnston,13-05-1950,71,director,"https://m.media-amazon.com/images/M/MV5BNzcxNDQwNzgxNV5BMl5BanBnXkFtZTYwNTQ1MTA0._V1_UX214_CR0,0,214,317_AL_.jpg","Joe Johnston was born on May 13, 1950 in Austin, Texas, USA as Joseph Eggleston Johnston II. He is a director, known for Captain America: The First Avenger (2011), Indiana Jones and the Raiders of the Lost Ark (1981) and The Rocketeer (1991)."
Damien Chazelle,19-01-1985,36,director,"https://m.media-amazon.com/images/M/MV5BMjE2MzcyODA3MV5BMl5BanBnXkFtZTgwNTA3NTU2MjE@._V1_UY317_CR5,0,214,317_AL_.jpg","Damien Sayre Chazelle is an American director and screenwriter. He was born in Providence, Rhode Island. His mother, Celia Sayre (Martin) Chazelle, is an American-Canadian writer and professor of history at The College of New Jersey. His father, Bernard Chazelle, is a French-American Eugene Higgins Professor of computer science at Princeton."
Phil Lord,12-07-1975,46,director,"https://m.media-amazon.com/images/M/MV5BOTI5NTUwMTAwOV5BMl5BanBnXkFtZTcwMDIxMDgzOQ@@._V1_UY317_CR21,0,214,317_AL_.jpg","Phil Lord was born on July 12, 1975 in Miami, Florida, USA as Philip A. Lord. He is a producer and writer, known for Spider-Man: Into the Spider-Verse (2018), The Lego Movie (2014) and Clone High (2002). "
Christopher Miller,23-09-1975,46,director,"https://m.media-amazon.com/images/M/MV5BMTAzNDAzODgzOTheQTJeQWpwZ15BbWU3MDc5MDg4MTg@._V1_UX214_CR0,0,214,317_AL_.jpg","Christopher Miller was born on September 23, 1975 in Everett, Washington, USA as Christopher Robert Miller. He is a producer and writer, known for The Lego Movie (2014), Clone High (2002) and Spider-Man: Into the Spider-Verse (2018). He is married to Robyn Murgio. They have one child"
James Wan,26-02-1977,44,director,"https://m.media-amazon.com/images/M/MV5BMTY5NzExMTQ5N15BMl5BanBnXkFtZTcwNjY1NDQzOQ@@._V1_UY317_CR58,0,214,317_AL_.jpg","James Wan (born 26 February 1977) is an Australian film producer, screenwriter and film director of Malaysian Chinese descent. He is widely known for directing the horror film Saw (2004) and creating Billy the puppet. Wan has also directed Dead Silence (2007), Death Sentence (2007), Insidious (2010), The Conjuring (2013) and Furious 7 (2015)."
David Fincher,28-08-1962,59,director,"https://m.media-amazon.com/images/M/MV5BMTc1NDkwMTQ2MF5BMl5BanBnXkFtZTcwMzY0ODkyMg@@._V1_UX214_CR0,0,214,317_AL_.jpg","David Fincher was born in 1962 in Denver, Colorado, and was raised in Marin County, California. When he was 18 years old he went to work for John Korty at Korty Films in Mill Valley. He subsequently worked at ILM (Industrial Light and Magic) from 1981-1983. Fincher left ILM to direct TV commercials and music videos after signing with N. Lee Lacy."
Glen Ficarra,27-05-1971,50,director,"https://m.media-amazon.com/images/M/MV5BMTQ0NDYzNTIyM15BMl5BanBnXkFtZTgwNzgyOTA2NDE@._V1_UX214_CR0,0,214,317_AL_.jpg","Glenn Ficarra is a producer and writer, known for I Love You Phillip Morris (2009), This Is Us (2016) and Cats & Dogs (2001)."
John Requa,01-01-1967,54,director,"https://m.media-amazon.com/images/M/MV5BMTk1OTI3NDMxNl5BMl5BanBnXkFtZTcwNDUwODIxNA@@._V1_UY317_CR14,0,214,317_AL_.jpg","John Requa is a producer and writer, known for I Love You Phillip Morris (2009), This Is Us (2016) and Focus (2015). "
Rob Letterman,31-10-1970,51,director,"https://m.media-amazon.com/images/M/MV5BMTkxMDA0MDMyMF5BMl5BanBnXkFtZTcwMjkwNzMzOA@@._V1_UY317_CR13,0,214,317_AL_.jpg","Rob Letterman is a writer and director, known for Monsters vs. Aliens (2009), Pokémon Detective Pikachu (2019) and Shark Tale (2004)."
George Miller,03-03-1945,76,director,"https://m.media-amazon.com/images/M/MV5BMTQ5NTYwMjcyMF5BMl5BanBnXkFtZTYwMDQ0MjQz._V1_UY317_CR11,0,214,317_AL_.jpg","George Miller is an Australian film director, screenwriter, producer, and former medical doctor. He is best known for his Mad Max franchise, with Mad Max 2: The Road Warrior (1981) and Mad Max: Fury Road (2015) being hailed as amongst the greatest action films of all time. "
Louis Leterrier,17-06-1973,48,director,"https://m.media-amazon.com/images/M/MV5BMjExMDU1MjIxN15BMl5BanBnXkFtZTgwODgxNDAxMTE@._V1_UY317_CR0,0,214,317_AL_.jpg","Louis Leterrier was born on June 17, 1973 in Paris, France. He is a director and producer, known for The Incredible Hulk (2008), Unleashed (2005) and The Transporter (2002)."
Ruben Fleischer,31-10-1974,47,director,"https://m.media-amazon.com/images/M/MV5BMTc0NDU5MDc1NF5BMl5BanBnXkFtZTcwMDY0MTM5OA@@._V1_UX214_CR0,0,214,317_AL_.jpg","Ruben Fleischer was born on October 31, 1974 in Washington, District of Columbia, USA as Ruben Samuel Fleischer. He is a producer and director, known for Jekyll. He has been married to Holly Shakoor Fleischer since November 10, 2012."
Seth Gordon,15-07-1976,45,director,"https://m.media-amazon.com/images/M/MV5BMjAzOTkyNTkyN15BMl5BanBnXkFtZTYwNzIzMDA3._V1_UY317_CR16,0,214,317_AL_.jpg","Seth Gordon is a producer and director, known for Pixels (2015), The King of Kong: A Fistful of Quarters (2007) and Cry Wolf (2005). "
Chad Stahelski,20-09-1968,53,director,"https://m.media-amazon.com/images/M/MV5BNjgwNzc0NTc2Nl5BMl5BanBnXkFtZTgwMjM0NzEzMDI@._V1_UX214_CR0,0,214,317_AL_.jpg","He came from a kick-boxing background; he entered the film field as a stunt performer at the age of 24. Before that, he worked as an instructor at the Inosanto Martial Arts Academy in California, teaching Jeet Kune Do/Jun Fan. After doing numerous roles in low budget martial art movies like Mission of Justice (1992) and Bloodsport III (1996)."
Lana Wachowski,21-06-1965,56,director,"https://m.media-amazon.com/images/M/MV5BMjEzMTc2MDQ5OV5BMl5BanBnXkFtZTcwNjkzNDY0OA@@._V1_UX214_CR0,0,214,317_AL_.jpg","Lana Wachowski and her sister Lilly Wachowski, also known as the Wachowskis, are the duo behind such ground-breaking movies as The Matrix (1999) and Cloud Atlas (2012). Born to mother Lynne, a nurse, and father Ron, a businessman of Polish descent, Wachowski grew up in Chicago and formed a tight creative relationship with her sister Lilly. "
Lilly Wachowski,29-12-1967,54,director,"https://m.media-amazon.com/images/M/MV5BMTU1Mjc1MjkzNV5BMl5BanBnXkFtZTgwOTc1NDQ1ODE@._V1_UX214_CR0,0,214,317_AL_.jpg","Director, writer, and producer Lilly Wachowski was born in 1967 in Chicago as Andrew Wachowski, the son of Lynne, a nurse and painter, and Ron, a businessman. Lilly was educated at Kellogg Elementary School in Chicago, before moving on to Whitney M. Young High School. "
Anthony Russo,03-02-1970,51,director,"https://m.media-amazon.com/images/M/MV5BMTc2NjM5MTM0Ml5BMl5BanBnXkFtZTgwMTY3ODczNjM@._V1_UX214_CR0,0,214,317_AL_.jpg","Anthony Russo was born on February 3, 1970 in Cleveland, Ohio, USA as Anthony J. Russo. He is a producer and director, known for Avengers: Endgame (2019), Captain America: The Winter Soldier (2014) and Avengers: Infinity War (2018). "
Tarsem Singh,26-05-1961,60,director,"https://m.media-amazon.com/images/M/MV5BMTY3MjcyNjgyNl5BMl5BanBnXkFtZTcwMDU4NTIwNw@@._V1_UY317_CR9,0,214,317_AL_.jpg","Indian director Tarsem Singh is the son of an aircraft engineer. He was educated at Bishop Cotton Boy's School in Shimla and relocated to the USA to study business at Harvard and, significantly, film studies at the Art Center College of Design in California."
Marc Webb,31-08-1974,47,director,"https://m.media-amazon.com/images/M/MV5BMTUxMzA2NDU4MF5BMl5BanBnXkFtZTcwNzQ3NDc1Nw@@._V1_UY317_CR130,0,214,317_AL_.jpg","Marc Webb was born on August 31, 1974. He is a producer and director, known for 500 Days of Summer (2009), Gifted (2017) and Crazy Ex-Girlfriend (2015). He is married to Jane Herman. They have one child."
Richard Marquand,22-09-1937,84,director,"https://m.media-amazon.com/images/M/MV5BMjgwY2ZkYjEtNzgxZi00ZDIyLWJhZWItZjg1NGQ4OWE5ZTZhXkEyXkFqcGdeQXVyNjUwNzk3NDc@._V1_UX214_CR0,0,214,317_AL_.jpg","Richard Marquand was born on September 22, 1937 in Llanishen, Cardiff, Glamorgan, Wales as Richard Alfred Marquand. He was a director and producer, known for Star Wars: Episode VI - Return of the Jedi (1983), Jagged Edge (1985) and Nowhere to Run (1993). He was married to Carol Bell and Josephine Marquand."
Jon. M. Chu,02-11-1979,42,director,"https://m.media-amazon.com/images/M/MV5BNDM0NjgyNjkwOV5BMl5BanBnXkFtZTgwNzYzOTMzMDE@._V1_UX214_CR0,0,214,317_AL_.jpg","Jon is an alumni of the USC School of Cinema-Television. There, he won the Princess Grace Award, the Dore Schary Award presented by the Anti-Defamation league, the Jack Nicholson directing award, and recognized as an honoree for the IFP/West program Project: Involve."
Jake Kasdan,28-10-1974,47,director,"https://m.media-amazon.com/images/M/MV5BNDk1NjAwOTg1MV5BMl5BanBnXkFtZTcwODIwMjA3NA@@._V1_UY317_CR7,0,214,317_AL_.jpg","Jake Kasdan was born on October 28, 1974 in Detroit, Michigan, USA as Jacob Kasdan. He is a producer and director, known for Walk Hard: The Dewey Cox Story (2007), Jumanji: The Next Level (2019) and Zero Effect (1998). "
Joe Berlinger,30-10-1961,60,director,"https://m.media-amazon.com/images/M/MV5BMjY2MzVhMWYtMzlhNy00MjMyLWI2ZDItM2U0OWY3MmM3ZGMzXkEyXkFqcGdeQXVyMTg2MDEyMzM@._V1_UY317_CR17,0,214,317_AL_.jpg","Academy Award and eight-time Emmy nominated and Peabody and Emmy-winning filmmaker Joe Berlinger has been a leading voice in nonfiction film and television for two decades. Berlinger's films include the landmark documentaries BROTHER'S KEEPER and the PARADISE LOST Trilogy."
Bill Condon,22-10-1955,66,director,"https://m.media-amazon.com/images/M/MV5BMTgwMzY1OTQwNF5BMl5BanBnXkFtZTYwNTM2Nzg1._V1_UX214_CR0,0,214,317_AL_.jpg","Bill Condon was born on October 22, 1955 in New York City, New York, USA as William Patrick Condon. He is a director and writer, known for Gods and Monsters (1998), Dreamgirls (2006) and Kinsey (2004)."